id,first_name,last_name,games_played,total_points,avg_points,high_score,low_score,final_cost,final_selections,is_def,is_mid,is_ruc,is_fwd
295467,Jack,Macrae,22,2544,115.6,180,69,844000,62193,False,True,False,False
293957,Brodie,Grundy,22,2686,122.1,181,78,818000,96020,False,False,True,False
996701,Clayton,Oliver,22,2329,105.9,161,62,728000,14292,False,True,False,False
296347,Josh,Kelly,14,1623,115.9,148,75,780000,10990,False,True,False,False
291969,Stephen,Coniglio,15,1555,103.7,192,0,726000,13095,False,True,False,False
270917,Patrick,Dangerfield,21,2257,107.5,162,38,725000,94247,False,True,False,True
990704,Patrick,Cripps,20,2029,101.5,163,45,664000,58818,False,True,False,False
271001,Dayne,Beams,9,798,88.7,128,54,611000,2999,False,True,False,False
290801,Andrew,Gaff,20,2220,111,144,91,727000,37401,False,True,False,False
291790,Adam,Treloar,22,2489,113.1,152,74,766000,47816,False,True,False,False
292128,Elliot,Yeo,21,2157,102.7,146,71,707000,12244,False,True,False,False
297401,Matt,Crouch,19,2017,106.2,151,53,743000,12398,False,True,False,False
290528,Max,Gawn,21,2337,111.3,154,50,746000,64547,False,False,True,False
291771,Devon,Smith,7,556,79.4,101,41,580000,13557,False,True,False,True
293846,Sebastian,Ross,22,2075,94.3,146,57,681000,3875,False,True,False,False
293222,Rory,Laird,22,2132,96.9,134,74,659000,69091,True,False,False,False
220001,Gary,Ablett,21,1863,88.7,121,51,616000,9363,False,True,False,True
250417,Bryce,Gibbs,12,970,80.8,111,50,554000,1096,False,True,False,False
281065,Mitch,Duncan,22,2324,105.6,144,73,661000,11726,False,True,False,False
294557,Lachie,Hunter,22,2170,98.6,154,57,670000,3700,False,True,False,False
298279,Angus,Brayshaw,22,1937,88,129,44,566000,14329,False,True,False,False
250105,Marc,Murphy,19,1822,95.9,135,10,698000,7752,False,True,False,False
290629,Dyson,Heppell,17,1595,93.8,123,59,597000,1608,False,True,False,False
291570,Nat,Fyfe,20,2099,105,133,61,707000,16883,False,True,False,False
295342,Jake,Lloyd,22,2356,107.1,149,48,677000,82990,True,False,False,False
992016,Zach,Merrett,22,2381,108.2,143,50,761000,30263,False,True,False,False
280965,Steele,Sidebottom,21,2069,98.5,128,48,705000,6838,False,True,False,False
260750,Justin,Westhoff,20,1545,77.3,132,37,505000,16910,False,False,True,True
260257,Scott,Pendlebury,22,2279,103.6,148,79,730000,9278,False,True,False,False
280763,Stefan,Martin,22,1865,84.8,125,54,591000,7096,False,False,True,False
294305,Lachie,Whitfield,16,1820,113.8,190,39,734000,57928,True,True,False,False
294307,Brad,Crouch,22,2373,107.9,132,62,715000,65715,False,True,False,False
261224,Dayne,Zorko,22,2296,104.4,143,53,712000,6855,False,True,False,False
291776,Taylor,Adams,10,951,95.1,123,49,654000,2949,False,True,False,False
250321,Joel,Selwood,20,1577,78.9,115,40,498000,2749,False,True,False,False
281373,Jack,Redden,21,1928,91.8,135,54,605000,1107,False,True,False,False
294199,Sam,Menegola,9,698,77.6,109,37,549000,3051,False,True,False,True
270146,Ed,Curnow,22,1977,89.9,125,33,680000,11326,False,True,False,True
280109,Callan,Ward,1,3,3,3,3,642000,194,False,True,False,False
293535,Lachie,Neale,22,2304,104.7,162,74,680000,32151,False,True,False,False
294613,Jaeger,O'Meara,21,2092,99.6,136,56,642000,7422,False,True,False,False
291975,Jarrod,Witts,22,2297,104.4,154,75,733000,12359,False,False,True,False
296205,Jack,Steele,20,1919,96,132,62,656000,1238,False,True,False,False
996487,Tom,Phillips,22,1990,90.5,132,49,584000,2317,False,True,False,False
270912,Jack,Steven,7,532,76,105,43,559000,279,False,True,False,False
270951,David,Zaharakis,20,1590,79.5,125,17,457000,728,False,True,False,False
290847,Dustin,Martin,20,1942,97.1,140,58,712000,52855,False,True,False,True
290778,Luke,Parker,22,2167,98.5,157,53,622000,3349,False,True,False,False
280737,Liam,Shiels,19,1812,95.4,145,25,655000,1055,False,True,False,False
297566,James,Sicily,22,1840,83.6,121,44,501000,21224,True,False,False,False
230202,Kade,Simpson,18,1444,80.2,142,45,627000,19768,True,False,False,False
260227,Shaun,Higgins,17,1620,95.3,135,9,645000,3780,False,True,False,False
297373,Marcus,Bontempelli,22,2303,104.7,139,65,727000,12514,False,True,False,False
294737,Callum,Sinclair,14,1072,76.6,120,13,521000,1675,False,False,True,False
293716,Jarryd,Lyons,22,2146,97.5,158,37,768000,3088,False,True,False,False
298450,Connor,Blakely,14,1047,74.8,104,35,521000,2595,True,False,False,False
996483,Toby,McLean,18,1227,68.2,104,16,432000,1821,False,True,False,True
280921,Ben,Cunnington,22,1803,82,114,39,516000,1523,False,True,False,False
240399,Lance,Franklin,10,705,70.5,117,35,503000,4706,False,False,False,True
294318,Ollie,Wines,12,1120,93.3,131,58,654000,595,False,True,False,False
298539,Isaac,Heeney,22,1975,89.8,121,57,621000,29985,False,True,False,True
261911,Brad,Ebert,11,881,80.1,121,31,496000,517,False,True,False,True
270963,Rory,Sloane,22,2191,99.6,144,30,624000,17095,False,True,False,False
290738,Jared,Polec,22,1940,88.2,124,58,615000,1114,False,True,False,False
993834,Josh,Dunkley,22,2444,111.1,189,67,818000,50190,False,True,False,True
1005530,Ryan,Abbott,1,73,73,73,73,526000,684,False,False,True,False
291783,Dylan,Shiel,21,2065,98.3,136,75,647000,4246,False,True,False,False
298174,Toby,Nankervis,9,706,78.4,115,35,515000,7155,False,False,True,False
291902,Jack,Viney,21,1729,82.3,123,47,545000,1805,False,True,False,False
271129,Todd,Goldstein,22,1944,88.4,153,60,637000,8837,False,False,True,False
298264,Ed,Langdon,22,2026,92.1,118,54,635000,1508,False,True,False,False
280078,Luke,Shuey,22,2222,101,142,72,673000,6837,False,True,False,False
998172,Tim,Taranto,22,2476,112.5,156,75,739000,32239,False,True,False,False
293871,Jack,Crisp,22,2150,97.7,142,49,680000,29219,True,False,False,False
291533,Tom,McDonald,15,957,63.8,127,23,485000,1399,False,False,False,True
998128,Alex,Witherden,21,1570,74.8,112,3,459000,8747,True,False,False,False
294877,Isaac,Smith,19,1614,84.9,112,63,607000,666,False,True,False,False
261230,Matthew,Lobbe,2,120,60,62,58,517000,3295,False,False,True,False
296351,Jack,Billings,22,2168,98.5,170,55,665000,23506,False,True,False,True
261323,Ben,McEvoy,19,1583,83.3,127,17,524000,3158,False,False,True,False
296324,Jesse,Hogan,12,793,66.1,120,11,433000,675,False,False,False,True
260382,Josh,P. Kennedy,19,1905,100.3,150,68,647000,1956,False,True,False,False
290311,Mitch,Robinson,22,2060,93.6,129,48,666000,7117,False,True,False,True
993799,Brayden,Fiorini,21,2094,99.7,144,63,602000,2549,False,True,False,False
295898,Tim,Kelly,22,2131,96.9,141,56,612000,65701,False,True,False,True
250222,Nathan,Jones,22,1620,73.6,114,46,444000,1342,False,True,False,False
240052,David,Mundy,22,1772,80.5,125,42,476000,5211,False,True,False,True
240283,Shannon,Hurn,19,1736,91.4,137,61,569000,13236,True,False,False,False
298272,Touk,Miller,18,1637,90.9,149,28,645000,1974,False,True,False,False
261510,Tom,Hawkins,22,1559,70.9,105,23,471000,3544,False,False,False,True
261299,Matthew,Kreuzer,15,1241,82.7,122,43,563000,1502,False,False,True,False
250365,Travis,Boak,21,2219,105.7,144,59,638000,56216,False,True,False,True
240700,Heath,Shaw,22,1814,82.5,128,47,568000,4852,True,False,False,False
291201,Ricky,Henderson,22,2126,96.6,143,45,567000,2714,False,True,False,False
291351,Jack,Gunston,20,1522,76.1,133,45,506000,1763,False,False,False,True
270811,Sam,Jacobs,5,402,80.4,115,59,550000,3001,False,False,True,False
280944,Jack,Ziebell,22,1974,89.7,155,32,614000,9860,False,True,False,True
240359,Dale,Thomas,20,1591,79.6,130,46,571000,6947,True,False,False,False
250395,Jack,Riewoldt,10,585,58.5,89,32,422000,12390,False,False,False,True
270732,Matthew,Suckling,18,1524,84.7,119,41,558000,1196,True,False,False,True
291313,Jeremy,Howe,19,1319,69.4,100,22,504000,5291,True,False,False,False
280858,Shane,Savage,22,1723,78.3,119,46,511000,1592,True,False,False,False
290627,Dion,Prestia,22,2186,99.4,130,66,716000,8420,False,True,False,False
291962,Chad,Wingard,14,1098,78.4,128,41,592000,4670,False,True,False,True
295584,Bradley,Hill,22,1951,88.7,129,54,600000,2552,False,True,False,False
296190,Jack,Martin,16,1335,83.4,120,54,540000,905,False,True,False,True
270919,Tom,Rockliff,18,1788,99.3,166,43,589000,24237,False,True,False,False
281091,Hugh,Greenwood,14,1096,78.3,115,41,540000,666,False,True,False,True
297406,Tom,Cutler,3,241,80.3,91,73,583000,62,False,True,False,False
270896,Trent,Cotchin,11,778,70.7,107,20,481000,10392,False,True,False,False
280762,Shane,Mumford,16,1051,65.7,113,18,386000,4500,False,False,True,False
290832,David,Swallow,22,1933,87.9,118,52,605000,482,False,True,False,False
261892,Hamish,Hartlett,11,840,76.4,112,39,505000,2493,True,False,False,False
271439,Liam,Picken,0,0,0,0,0,387000,162,False,False,False,True
296035,Trent,Dumont,21,1850,88.1,123,53,567000,830,False,True,False,False
270935,Michael,Hurley,18,1394,77.4,111,29,475000,2029,True,False,False,False
294429,Luke,Dunstan,18,1545,85.8,119,60,565000,281,False,True,False,False
997078,Mason,Redman,19,1309,68.9,91,52,491000,1100,True,False,False,False
280744,Luke,Breust,22,1500,68.2,102,24,424000,1697,False,False,False,True
291545,Mitch,Wallis,10,793,79.3,99,56,547000,945,False,True,False,True
994185,Jordan,De Goey,16,1348,84.3,119,54,555000,8476,False,False,False,True
290032,Kane,Lambert,18,1559,86.6,142,44,554000,7689,False,False,False,True
293845,Jeremy,Cameron,20,1750,87.5,154,41,577000,5703,False,False,False,True
290802,Ben,Jacobs,0,0,0,0,0,563000,57,False,True,False,False
280317,Rhys,Stanley,16,1300,81.3,110,45,542000,1752,False,False,True,False
294685,Zac,Williams,20,1854,92.7,142,43,704000,29057,True,False,False,False
297899,James,Harmes,22,2067,94,117,72,632000,1061,False,True,False,False
292511,Zach,Tuohy,15,1024,68.3,105,50,453000,1745,True,False,False,False
296359,Christian,Salem,20,1792,89.6,128,58,554000,7981,True,False,False,False
270938,Tom,Lynch,16,1430,89.4,126,47,576000,1995,False,False,False,True
294472,Rory,Atkins,20,1628,81.4,127,40,529000,905,False,True,False,False
296420,Alex,Neal-Bullen,14,862,61.6,82,39,442000,481,False,False,False,True
261396,Robbie,Gray,19,1543,81.2,120,43,533000,6776,False,True,False,True
296294,Blake,Acres,19,1283,67.5,96,39,468000,390,False,True,False,True
296296,Dom,Sheed,22,2089,95,133,42,591000,12863,False,True,False,False
220096,Aaron,Sandilands,6,436,72.7,92,40,508000,454,False,False,True,False
293479,Cameron,Ellis-Yolmen,10,879,87.9,134,52,617000,580,False,True,False,False
240254,Jarrod,Harbrow,21,1485,70.7,123,23,462000,1077,True,False,False,False
281007,Michael,Walters,22,2056,93.5,143,55,650000,10256,False,True,False,True
250089,Jordan,Lewis,12,748,62.3,87,36,442000,788,True,True,False,False
290671,Anthony,Miles,17,1451,85.4,129,44,591000,3728,False,True,False,False
290246,Tom,Campbell,2,78,39,40,38,374000,358,False,False,True,False
291784,Dom,Tyson,3,230,76.7,87,71,551000,247,False,True,False,False
271045,Nic,Naitanui,3,217,72.3,82,60,547000,1583,False,False,True,False
210012,Shaun,Burgoyne,18,1273,70.7,103,43,498000,1326,True,True,False,False
992351,Bailey,Williams,9,558,62,78,46,454000,259,True,False,False,False
261290,Chris,Masten,15,989,65.9,101,34,481000,553,False,True,False,False
261320,Tom,Bellchambers,15,1074,71.6,111,31,515000,1299,False,False,True,False
291800,Tom,Stewart,22,2090,95,124,73,618000,28004,True,False,False,False
993903,Jacob,Hopper,19,1778,93.6,122,55,661000,1173,False,True,False,False
250298,Shaun,Grigg,0,0,0,0,0,556000,150,False,True,False,False
294733,Paul,Seedsman,13,946,72.8,111,24,537000,809,False,True,False,False
298210,Christian,Petracca,22,1670,75.9,102,43,532000,5264,False,True,False,True
290826,Jamie,Cripps,17,1090,64.1,94,11,401000,733,False,False,False,True
291748,Brodie,Smith,22,1915,87,133,38,640000,42081,True,False,False,False
290757,Jimmy,Webster,8,473,59.1,76,28,426000,287,True,False,False,False
261314,David,Myers,7,379,54.1,77,33,401000,184,False,True,False,False
992462,Daniel,Howe,12,809,67.4,108,32,449000,263,False,True,False,False
998133,Jarrod,Berry,18,1433,79.6,121,55,541000,960,False,True,False,False
290117,Dan,Hannebery,5,493,98.6,117,82,582000,8172,False,True,False,False
297907,Nic,Newman,20,1867,93.4,135,66,684000,15858,True,False,False,False
290623,Josh,Caddy,15,1058,70.5,109,49,458000,808,False,False,False,True
291526,Luke,Dahlhaus,21,1626,77.4,108,42,485000,9340,False,True,False,True
996731,Charlie,Curnow,11,715,65,122,9,500000,8767,False,False,False,True
220047,Luke,Hodge,20,1323,66.2,89,46,453000,1823,True,False,False,False
291861,Jed,Anderson,17,1338,78.7,111,43,502000,271,False,True,False,False
294828,Josh,Jenkins,11,826,75.1,104,43,524000,748,False,False,False,True
296735,Aaron,Hall,6,484,80.7,106,65,573000,461,False,True,False,False
296334,Orazio,Fantasia,14,761,54.4,104,28,318000,1206,False,False,False,True
290838,Jack,Darling,22,1569,71.3,120,18,556000,3727,False,False,False,True
240336,Brett,Deledio,13,957,73.6,101,41,499000,486,False,True,False,True
298630,Kyle,Langford,17,1201,70.6,96,42,448000,682,False,True,False,True
1003029,Brayden,Sier,6,304,50.7,95,14,373000,369,False,True,False,False
1001448,Rupert,Wills,7,475,67.9,84,44,438000,1657,False,True,False,False
270928,Scott,Selwood,2,167,83.5,93,74,531000,554,False,True,False,False
290815,Tom,Nicholls,0,0,0,0,0,242000,1790,False,False,True,False
998659,Luke,Ryan,18,1441,80.1,136,43,520000,2120,True,False,False,False
281085,Steven,May,8,462,57.8,76,18,423000,454,True,False,False,False
292145,Tom,Jonas,18,1156,64.2,98,32,428000,666,True,False,False,False
990882,Wayne,Milera,17,1306,76.8,103,42,481000,3094,True,False,False,False
240302,Grant,Birchall,3,219,73,80,66,408000,1467,True,False,False,False
230253,Jarrad,McVeigh,6,372,62,89,45,472000,761,True,False,False,False
291978,Harry,Cunningham,9,726,80.7,128,41,548000,575,True,True,False,False
290799,Tom,Liberatore,15,1140,76,119,36,449000,17954,False,True,False,False
994389,Jack,Sinclair,22,1460,66.4,93,32,426000,764,False,True,False,True
250267,Paddy,Ryder,17,1194,70.2,91,46,483000,3185,False,False,True,True
250340,David,Armitage,2,132,66,68,64,532000,203,False,True,False,True
240357,Jarryd,Roughead,8,528,66,100,43,447000,688,False,False,False,True
250312,Bachar,Houli,19,1961,103.2,144,63,697000,48285,True,False,False,False
298091,Logan,Austin,0,0,0,0,0,525000,148,True,False,False,False
992049,Jayden,Short,12,845,70.4,106,3,513000,8026,True,False,False,False
1001438,Bayley,Fritsch,22,1633,74.2,134,31,548000,2336,True,True,False,False
280038,Shaun,McKernan,15,1020,68,103,19,506000,387,False,False,False,True
296355,Luke,McDonald,13,755,58.1,78,37,409000,193,True,False,False,False
293987,Jarrod,Lienert,7,563,80.4,116,54,542000,376,True,False,False,False
295136,Caleb,Daniel,17,1594,93.8,135,63,633000,2707,True,False,False,True
298419,Brandan,Parfitt,17,1227,72.2,93,35,458000,846,False,False,False,True
298305,Jordan,Cunico,0,0,0,0,0,524000,235,False,True,False,False
998145,Sean,Darcy,11,757,68.8,92,54,471000,739,False,False,True,False
293801,Jamie,Elliott,14,946,67.6,117,37,475000,7161,False,False,False,True
295344,Toby,Greene,16,1575,98.4,146,47,784000,5107,False,False,False,True
1000978,Hugh,McCluggage,21,1919,91.4,125,61,600000,2199,False,True,False,False
271015,Matt,de Boer,15,1048,69.9,105,47,466000,289,False,False,False,True
290188,Sam,Reid,22,1525,69.3,125,27,466000,2387,False,False,False,True
296211,Lewis,Taylor,5,352,70.4,108,40,488000,122,False,False,False,True
993817,Darcy,Parish,20,1587,79.4,105,19,489000,1854,False,True,False,True
281080,Brad,Sheppard,22,1812,82.4,113,46,521000,4796,True,False,False,False
295012,Matthew,Scharenberg,7,361,51.6,80,21,393000,94,True,False,False,False
295103,Riley,Knight,15,1076,71.7,94,48,485000,2141,False,True,False,True
293713,Brandon,Ellis,20,1695,84.8,130,46,529000,9589,True,False,False,False
294266,Tom,Hickey,18,1247,69.3,141,31,480000,1496,False,False,True,False
297523,Reilly,O'Brien,18,1719,95.5,146,48,699000,11816,False,False,True,False
1006126,James,Rowbottom,12,758,63.2,87,25,427000,2684,False,True,False,True
1006203,Chayce,Jones,8,365,45.6,97,12,292000,4327,False,True,False,False
1006103,Jye,Caldwell,2,110,55,72,38,282000,1200,False,True,False,False
993905,Callum,Mills,22,1657,75.3,108,42,479000,4094,True,False,False,False
998105,Corey,Lyons,0,0,0,0,0,170000,7164,False,True,False,False
998107,Hamish,Brayshaw,0,0,0,0,0,170000,6922,False,True,False,False
1006232,Samuel,Wicks,0,0,0,0,0,170000,3296,False,True,False,True
291819,Adam,Tomlinson,22,1701,77.3,117,45,464000,1258,False,True,False,False
295265,Nick,Haynes,19,1508,79.4,111,44,566000,726,True,False,False,False
298524,Lachie,Weller,17,1403,82.5,105,52,546000,1454,True,True,False,False
1003620,Sam,Murray,0,0,0,0,0,540000,132,True,False,False,False
280918,Allen,Christensen,11,706,64.2,97,12,453000,352,False,False,False,True
297452,Nick,Hind,11,531,48.3,76,22,319000,26425,False,True,False,True
1013978,James,Madden,0,0,0,0,0,170000,447,False,True,False,False
240370,Richard,Douglas,9,537,59.7,82,39,430000,580,False,True,False,True
294674,Nick,Vlastuin,21,1656,78.9,124,46,536000,7784,True,False,False,False
994386,Tom,Atkins,20,1064,53.2,96,2,347000,17457,False,True,False,True
294823,Timothy,Smith,7,392,56,75,32,401000,307,False,False,False,True
280933,Dylan,Roberton,0,0,0,0,0,537000,235,True,False,False,False
296371,Brett,Bewley,7,380,54.3,64,38,335000,26111,False,True,False,True
290289,Josh,Thomas,20,1181,59.1,74,43,420000,1183,False,False,False,True
290746,Scott,Lycett,18,1501,83.4,140,43,624000,5323,False,False,True,True
295444,Tom,Langdon,9,586,65.1,94,41,451000,1592,True,False,False,False
1002242,Charlie,Constable,7,584,83.4,107,44,500000,24958,False,True,False,False
1005330,Kade,Chandler,1,60,60,60,60,189000,8073,False,True,False,False
291720,Will,Hoskin-Elliott,17,1281,75.4,112,47,543000,1493,False,False,False,True
1002383,Callum,Porter,0,0,0,0,0,170000,1135,False,True,False,False
290823,Reece,Conca,22,1644,74.7,108,42,477000,710,False,True,False,False
294101,Jason,Johannisen,19,1560,82.1,106,51,538000,3875,True,False,False,False
297139,Billy,Stretch,9,627,69.7,86,45,462000,868,False,True,False,False
1005793,Jarrod,Cameron,7,350,50,101,24,310000,11012,False,True,False,True
1008855,Oskar,Baker,9,495,55,87,30,340000,7535,False,True,False,True
291802,Tomas,Bugg,0,0,0,0,0,438000,388,False,True,False,False
992010,Brayden,Maynard,22,1690,76.8,130,43,546000,2835,True,False,False,False
1002213,Ed,Phillips,4,218,54.5,70,39,421000,229,False,True,False,False
1004917,Trent,Mynott,0,0,0,0,0,170000,357,False,True,False,False
280711,Charlie,Dixon,9,508,56.4,92,25,396000,317,False,False,False,True
992258,Cameron,Hewett,0,0,0,0,0,170000,3367,False,True,False,False
993979,Sam,Powell-Pepper,19,1430,75.3,106,48,510000,1995,False,True,False,True
1004716,Kai,Pudney,0,0,0,0,0,170000,201,False,True,False,False
1008297,Riley,Collier-Dawkins,0,0,0,0,0,232000,871,False,True,False,False
1006085,Connor,McFadyen,0,0,0,0,0,188000,428,False,True,False,True
1006121,Zak,Butters,19,1077,56.7,79,34,369000,11675,False,True,False,True
298421,Jade,Gresham,19,1585,83.4,106,45,602000,1196,False,True,False,True
991976,Will,Hayes,8,555,69.4,101,42,424000,8993,False,True,False,False
994295,Dan,Houston,21,1687,80.3,123,48,605000,3864,True,False,False,False
1006127,Rhylee,West,2,107,53.5,54,53,251000,3805,False,True,False,False
1006130,Bailey,Smith,22,1522,69.2,108,34,501000,6539,False,True,False,True
1008139,Toby,Bedford,0,0,0,0,0,170000,1875,False,True,False,True
280824,Jake,Melksham,12,897,74.8,111,52,505000,902,False,False,False,True
999309,Jackson,Hately,7,473,67.6,84,47,403000,3513,False,True,False,False
1004850,Luke,Valente,0,0,0,0,0,208000,884,False,True,False,False
1005599,Luke,Foley,0,0,0,0,0,210000,264,False,True,False,False
270588,Cale,Hooker,17,1267,74.5,116,49,458000,1301,True,False,False,False
271078,Matthew,Broadbent,10,746,74.6,100,40,484000,1685,True,False,False,False
291821,Jonathon,Patton,0,0,0,0,0,511000,503,False,False,True,True
1006137,Curtis,Taylor,2,48,24,37,11,181000,11085,False,True,False,True
290194,Jamie,Macmillan,18,1351,75.1,118,33,484000,1915,True,False,False,False
1002922,Jack,Bytel,0,0,0,0,0,190000,140,False,True,False,False
1006101,Oscar,Brownless,0,0,0,0,0,170000,1767,False,True,False,False
281052,Mark,Hutchings,16,816,51,79,11,334000,634,False,True,False,False
1004695,Aaron,Nietschke,0,0,0,0,0,170000,203,False,True,False,False
293651,Hayden,Crozier,21,1503,71.6,116,23,513000,668,True,False,False,False
1006094,Sam,Walsh,22,2029,92.2,137,67,599000,62567,False,True,False,False
280336,Stephen,Hill,3,113,37.7,51,29,420000,183,True,False,False,False
294518,Joe,Daniher,4,276,69,99,39,510000,528,False,False,False,True
1006133,Jack,Ross,7,434,62,92,11,363000,5222,False,True,False,False
296078,Taylor,Garner,9,530,58.9,81,32,394000,225,False,False,False,True
999391,Tom,Sparrow,2,104,52,64,40,257000,1269,False,True,False,False
271072,Daniel,Rich,22,1936,88,111,66,569000,9700,True,False,False,False
296209,Kade,Kolodjashnij,2,92,46,56,36,520000,173,True,False,False,False
1006058,Bailey,Scott,4,216,54,97,30,289000,18692,False,True,False,False
1013949,Brodie,Riach,0,0,0,0,0,170000,671,False,True,False,True
994539,Sam,Petrevski-Seton,22,1710,77.7,106,26,507000,6082,False,True,False,True
1000932,Tom,Doedee,1,38,38,38,38,505000,501,True,False,False,False
295942,Jordan,Murdoch,14,781,55.8,89,33,367000,391,True,True,False,False
991930,Darcy,Byrne-Jones,22,1898,86.3,126,8,571000,2262,True,False,False,False
992468,Rowan,Marshall,20,1983,99.2,126,53,666000,24971,False,False,True,True
1006128,Will,Golds,0,0,0,0,0,170000,333,False,True,False,False
1006150,Tom,Joyce,0,0,0,0,0,192000,310,False,True,False,False
1006208,Fraser,Turner,0,0,0,0,0,170000,328,False,True,False,False
1013973,Matthew,Owies,0,0,0,0,0,170000,1165,False,True,False,True
280416,Chris,Mayne,19,1478,77.8,131,10,520000,2195,False,True,False,False
1005729,Tarryn,Thomas,20,1105,55.3,84,36,341000,2474,False,True,False,True
1006536,Luke,English,0,0,0,0,0,170000,474,False,True,False,False
1008312,Liam,Stocker,5,226,45.2,52,32,286000,2360,True,True,False,False
991988,Zak,Jones,17,1408,82.8,105,51,533000,2097,True,False,False,False
998327,Kyron,Hayden,1,27,27,27,27,171000,10519,False,True,False,True
999346,Boyd,Woodcock,0,0,0,0,0,170000,5272,False,True,False,True
1006097,Irving,Mosquito,0,0,0,0,0,196000,8299,False,True,False,True
1006135,Xavier,O'Halloran,0,0,0,0,0,228000,180,False,True,False,False
291773,Jack,Newnes,20,1394,69.7,104,30,402000,4746,False,True,False,True
297255,Mitch,McGovern,16,781,48.8,74,22,322000,5705,False,False,False,True
1006033,Ely,Smith,0,0,0,0,0,230000,351,False,True,False,False
1006100,Thomas,Berry,0,0,0,0,0,200000,336,False,True,False,False
290641,Jake,Carlisle,10,529,52.9,84,41,370000,143,True,False,False,False
1014044,Red,Og Murphy,0,0,0,0,0,170000,234,False,True,False,False
290156,Jasper,Pittard,22,1572,71.5,107,27,434000,2108,True,False,False,False
295067,James,Aish,13,870,66.9,96,20,471000,2924,True,True,False,False
1003132,Tom,North,0,0,0,0,0,170000,887,False,True,False,False
1005054,Josh,Daicos,5,316,63.2,83,39,453000,128,False,False,False,True
280013,Jackson,Trengove,16,910,56.9,100,30,348000,914,True,False,True,False
290160,Michael,Hibberd,19,1165,61.3,100,38,435000,1450,True,False,False,False
293813,Tom,J. Lynch,22,1372,62.4,100,33,502000,13408,False,False,False,True
293255,George,Horlin-Smith,7,327,46.7,68,26,333000,447,False,True,False,False
294125,Nathan,Wilson,18,1166,64.8,100,35,435000,732,True,False,False,False
1008185,Ned,McHenry,0,0,0,0,0,240000,692,False,True,False,True
1002355,Tobin,Cox,0,0,0,0,0,170000,602,False,True,False,True
994073,Thomas,Jok,1,58,58,58,58,189000,7243,False,True,False,False
1002590,Mathew,Walker,0,0,0,0,0,170000,761,False,True,False,True
1008282,Xavier,O'Neill,0,0,0,0,0,216000,110,False,True,False,False
996442,Ryan,Clarke,14,868,62,93,28,448000,462,True,True,False,False
999827,Zac,Fisher,21,1327,63.2,103,24,335000,14590,False,True,False,True
1004681,Jacob,Kennerley,0,0,0,0,0,172000,6956,False,True,False,False
1008288,Atu,Bosenavulagi,0,0,0,0,0,170000,620,False,True,False,True
293854,Matt,Taberner,9,778,86.4,128,57,568000,532,False,False,False,True
294859,Jeremy,McGovern,21,1444,68.8,100,47,456000,7716,True,False,False,False
298268,Liam,Duggan,15,1000,66.7,97,33,430000,552,True,False,False,False
998102,Andrew,McGrath,22,1644,74.7,106,49,480000,9651,True,True,False,False
260113,Jarryn,Geary,5,339,67.8,91,34,499000,152,True,False,False,False
270326,Lachie,Henderson,5,280,56,70,42,405000,476,True,False,False,False
290073,Sam,Lloyd,22,1711,77.8,107,48,518000,1776,False,True,False,True
294654,James,Stewart,0,0,0,0,0,441000,52,False,False,False,True
1004989,Doulton,Langlands,3,173,57.7,75,39,259000,16723,False,True,False,True
294596,Tim,Membrey,22,1551,70.5,100,42,515000,912,False,False,False,True
296254,Jarman,Impey,17,1213,71.4,103,9,512000,1416,True,False,False,True
297990,Aaron,vandenBerg,0,0,0,0,0,405000,888,False,True,False,True
291867,Ben,Brown,22,1582,71.9,133,18,537000,3583,False,False,False,True
294036,George,Hewett,22,1656,75.3,110,36,499000,1314,False,True,False,False
1001398,Matthew,Kennedy,10,484,48.4,68,21,335000,309,False,True,False,False
240406,Josh,J. Kennedy,20,1081,54.1,102,15,333000,4628,False,False,False,True
293884,Jake,Stringer,18,1175,65.3,91,27,439000,1439,False,False,False,True
998129,Will,Brodie,8,702,87.8,142,42,564000,389,False,True,False,False
298271,Paul,Ahern,7,424,60.6,84,35,432000,330,False,True,False,False
993794,Blake,Hardwick,22,1590,72.3,109,46,478000,1260,True,False,False,False
290722,Sam,Gray,20,1490,74.5,122,37,445000,1374,False,False,False,True
270512,Pearce,Hanley,16,1223,76.4,132,47,545000,958,True,False,False,False
280608,Jack,Trengove,0,0,0,0,0,419000,474,True,False,False,False
291509,Adam,Kennedy,19,1241,65.3,93,34,435000,1003,True,False,False,False
294092,Anthony,McDonald-Tipungwuti,22,1384,62.9,139,30,419000,4321,False,False,False,True
280863,Ryan,Bastinac,3,162,54,71,43,419000,379,False,True,False,False
297258,Nick,Robertson,4,224,56,70,50,428000,196,True,False,False,False
280864,Sam,Wright,4,221,55.3,75,35,415000,60,True,False,False,False
1002240,Jaidyn,Stephenson,12,968,80.7,111,60,555000,2873,False,False,False,True
280722,Zac,Smith,3,220,73.3,78,69,489000,321,False,False,True,False
992242,Jordan,Dawson,20,1654,82.7,118,43,562000,2627,False,True,False,True
291792,Tommy,Sheridan,1,2,2,2,2,471000,104,False,True,False,False
1002222,James,Worpel,22,2128,96.7,134,60,724000,50937,False,True,False,True
996464,Darcy,MacPherson,22,1920,87.3,122,49,560000,2173,False,False,False,True
990609,Charlie,Cameron,22,1481,67.3,98,36,484000,3146,False,False,False,True
996765,Tom,Papley,22,1701,77.3,122,28,485000,3463,False,False,False,True
990740,Rory,Lobb,15,1190,79.3,125,45,531000,5728,False,False,True,True
290889,Keegan,Brooksby,0,0,0,0,0,357000,98,False,False,True,False
1004592,Tim,English,19,1465,77.1,109,51,513000,4989,False,False,True,False
270340,Dawson,Simpson,9,593,65.9,89,37,458000,249,False,False,True,False
297438,Martin,Gleeson,9,526,58.4,81,45,386000,587,True,False,False,False
270296,Andy,Otten,3,197,65.7,68,64,448000,440,True,False,False,False
997846,Conor,McKenna,21,1476,70.3,116,45,535000,752,True,False,False,False
294650,Josh,Smith,2,93,46.5,61,32,422000,127,False,False,False,True
1005199,Elliott,Himmelberg,7,413,59,76,44,391000,400,False,False,False,True
281281,Lewis,Jetta,20,1224,61.2,90,35,407000,1974,True,False,False,False
296439,Darcy,Lang,8,367,45.9,75,17,330000,129,False,True,False,True
992644,Braydon,Preuss,7,395,56.4,108,26,367000,1606,False,False,True,True
1002232,Andrew,Brayshaw,22,1530,69.5,106,36,532000,4914,False,True,False,True
996059,Harris,Andrews,19,1070,56.3,87,29,356000,1413,True,False,False,False
270325,Robbie,Tarrant,22,1431,65,107,32,416000,749,True,False,False,False
293603,Sam,Mayes,0,0,0,0,0,510000,50,True,False,False,False
294469,Aliir,Aliir,22,1416,64.4,92,35,444000,2799,True,False,False,False
992128,Ryan,Burton,16,1155,72.2,110,8,466000,2679,True,False,False,False
291548,Ryan,Lester,9,502,55.8,78,36,394000,59,True,False,False,False
280012,Jordan,Roughead,22,1220,55.5,106,20,378000,5474,False,False,True,True
240232,Ben,Reid,7,383,54.7,83,0,396000,95,False,False,False,True
290307,Dane,Rampe,21,1668,79.4,130,41,571000,2960,True,False,False,False
990816,Aaron,Francis,16,862,53.9,73,29,346000,1533,True,False,False,True
992018,Teia,Miles,0,0,0,0,0,456000,76,True,False,False,False
1000963,Harry,Morrison,9,483,53.7,67,40,382000,411,False,True,False,True
990827,Jack,Graham,14,1160,82.9,146,39,583000,6903,False,True,False,False
992000,Jack,Lonie,13,863,66.4,114,23,445000,220,False,False,False,True
290622,Mitch,Brown,15,1026,68.4,119,25,468000,433,False,False,False,True
291849,Brody,Mihocek,22,1602,72.8,120,26,498000,2749,False,False,False,True
1004356,Brayden,Ainsworth,0,0,0,0,0,369000,707,False,True,False,False
280990,Steven,Motlop,14,904,64.6,103,32,449000,1764,False,True,False,True
290817,Brandon,Matera,20,1240,62,100,37,391000,556,False,False,False,True
260930,Shane,Edwards,21,1553,74,127,39,541000,15880,False,True,False,True
281024,Maverick,Weller,2,109,54.5,60,49,463000,4375,False,False,False,True
280506,Taylor,Walker,22,1389,63.1,95,35,418000,1852,False,False,False,True
998260,Jack,Bowes,15,1072,71.5,101,14,411000,666,False,True,False,False
230232,Daniel,Wells,1,67,67,67,67,458000,83,False,False,False,True
296367,Tom,Boyd,0,0,0,0,0,460000,637,False,False,True,True
1004880,Ben,Ronke,13,631,48.5,87,24,367000,641,False,False,False,True
294168,Marcus,Adams,8,395,49.4,86,15,368000,339,True,False,False,False
1000981,Daniel,Rioli,19,1067,56.2,80,37,383000,7811,False,False,False,True
240060,Eddie,Betts,21,1230,58.6,120,31,396000,3781,False,False,False,True
290199,Majak,Daw,0,0,0,0,0,465000,276,True,False,False,False
250362,David,Mackay,18,1179,65.5,104,46,453000,719,True,False,False,False
290085,Taylor,Duryea,13,997,76.7,129,45,555000,425,True,False,False,False
291550,Josh,Walker,11,615,55.9,117,17,342000,357,True,False,False,False
1007125,Corey,Maynard,0,0,0,0,0,425000,236,False,True,False,False
280972,Jack,Watts,2,159,79.5,92,67,488000,331,False,False,False,True
997842,Colin,O'Riordan,12,663,55.3,80,13,378000,541,True,False,False,False
998115,Taylin,Duman,14,922,65.9,99,32,448000,167,True,False,False,False
290546,Aaron,Young,2,95,47.5,54,41,437000,57,False,False,False,True
1000953,Harry,McKay,20,1230,61.5,128,3,418000,4035,False,False,False,True
992059,Sam,Switkowski,18,1014,56.3,89,33,423000,403,False,False,False,True
294798,Mark,Baguley,10,481,48.1,65,17,354000,195,False,False,False,True
997100,Will,Hayward,13,725,55.8,77,29,387000,203,False,False,False,True
998180,Bailey,Banfield,7,386,55.1,79,27,380000,565,False,True,False,True
281395,Scott,D. Thompson,19,1121,59,89,20,387000,346,True,False,False,False
290787,Shaun,Atley,21,1402,66.8,111,35,425000,880,True,False,False,True
297456,Nick,Holman,12,760,63.3,109,17,464000,63,False,False,False,True
297473,Jake,Kelly,22,1474,67,105,24,422000,1314,True,False,False,False
298347,Jake,Long,0,0,0,0,0,342000,558,False,True,False,False
1002227,Jack,Higgins,13,871,67,98,44,422000,9771,False,False,False,True
294643,Alex,Sexton,22,1290,58.6,103,26,370000,1951,False,False,False,True
993828,Rhys,Mathieson,9,509,56.6,82,28,378000,866,False,True,False,True
298111,Jeremy,Finlayson,19,1346,70.8,127,15,453000,2039,True,False,False,True
996232,Matt,Guelfi,17,959,56.4,100,13,371000,754,True,True,False,False
294663,Jackson,Thurlow,9,524,58.2,83,39,382000,515,True,True,False,False
240072,Heath,Grundy,1,48,48,48,48,454000,234,True,False,False,False
998103,Oliver,Florent,21,1456,69.3,113,27,495000,2372,False,True,False,False
296343,Jay,Kennedy Harris,5,331,66.2,91,48,439000,737,False,True,False,False
998212,Kobe,Mutch,1,0,0,0,0,313000,197,False,True,False,False
291307,Daniel,Menzel,7,339,48.4,75,33,367000,241,False,False,False,True
295340,Mason,Wood,18,1099,61.1,102,24,381000,315,False,False,False,True
1002770,Callum,L. Brown,20,1303,65.2,109,23,444000,981,False,False,False,True
290550,Cameron,Guthrie,18,1381,76.7,114,38,456000,7490,True,True,False,False
291492,Josh,Bruce,22,1285,58.4,113,22,400000,1358,False,False,False,True
261362,Alex,Rance,1,24,24,24,24,415000,7664,True,False,False,False
270653,Jeff,Garlett,7,377,53.9,76,38,384000,175,False,False,False,True
296733,Mark,Blicavs,22,1495,68,101,42,500000,3053,True,False,False,False
1001449,Mitch,Hannan,6,256,42.7,77,15,341000,49,False,False,False,True
295313,Lin,Jong,0,0,0,0,0,430000,293,False,True,False,True
291327,Jonathon,Ceglar,15,1136,75.7,103,48,527000,1506,False,False,True,True
993946,Ben,Keays,2,109,54.5,56,53,355000,565,False,True,False,False
296452,Darren,Minchington,0,0,0,0,0,324000,135,False,True,False,False
298289,Peter,Wright,17,1162,68.4,94,41,464000,255,False,False,False,True
260710,Paul,Puopolo,22,1204,54.7,82,26,370000,872,False,False,False,True
280959,Nathan,Vardy,11,552,50.2,86,17,380000,4761,False,False,True,True
291334,David,Mirra,4,303,75.8,88,65,462000,750,True,False,False,False
294621,Lewis,Pierce,1,47,47,47,47,320000,2970,False,False,True,False
296269,Darcy,Gardiner,22,1269,57.7,78,44,410000,599,True,False,False,False
280804,Phil,Davis,19,1284,67.6,95,25,438000,1302,True,False,False,False
295461,Adam,Saad,21,1413,67.3,92,39,452000,3161,True,False,False,False
280969,Tom,Scully,21,1389,66.1,106,28,438000,3575,False,True,False,False
298144,Sam,Naismith,0,0,0,0,0,299000,1303,False,False,True,False
298281,Jake,Lever,8,479,59.9,81,33,413000,595,True,False,False,False
290198,David,Astbury,19,1066,56.1,100,23,360000,5284,True,False,False,False
298302,Caleb,Marchbank,13,733,56.4,94,34,387000,361,True,False,False,False
993816,Darcy,Tucker,22,1597,72.6,111,48,507000,2147,False,True,False,True
998529,Ivan,Soldo,11,797,72.5,88,52,484000,5367,False,False,True,False
240226,Kieren,Jack,8,387,48.4,71,30,329000,1599,False,True,False,True
990290,Tom,Barrass,12,675,56.3,87,38,380000,1057,True,False,False,False
270861,Levi,Greenwood,16,1016,63.5,88,22,418000,1442,True,False,False,False
293193,Luke,Brown,15,884,58.9,91,25,410000,290,True,False,False,False
1002235,Cameron,Rayner,22,989,45,74,13,308000,3816,False,False,False,True
298277,Billy,Gowers,10,437,43.7,67,20,282000,301,False,False,False,True
996708,Bailey,Dale,9,625,69.4,98,19,488000,567,False,True,False,True
1007124,Conor,Nash,14,567,40.5,63,9,307000,928,False,False,False,True
290675,Daniel,Lloyd,14,796,56.9,79,25,389000,168,False,False,False,True
997033,Brennan,Cox,8,382,47.8,65,29,343000,107,False,False,False,True
1002228,Lachie,Fogarty,2,98,49,55,43,402000,58,False,False,False,True
294570,Dean,Kent,13,796,61.2,106,35,434000,229,False,False,False,True
998130,Ben,Ainsworth,12,781,65.1,96,25,444000,110,False,False,False,True
1004894,Aiden,Bonar,2,84,42,49,35,338000,999,False,True,False,True
298280,Jayden,Laverde,9,527,58.6,78,29,375000,314,False,False,False,True
1004364,Liam,Ryan,22,1252,56.9,85,33,387000,2127,False,False,False,True
1002264,Hunter,Clark,14,1083,77.4,119,46,578000,3299,True,False,False,False
1006314,Dylan,Moore,7,379,54.1,67,32,337000,3036,False,False,False,True
998225,Zachary,Sproule,1,23,23,23,23,170000,5248,False,True,False,True
1001043,Oliver,Hanrahan,9,465,51.7,74,24,308000,7424,False,False,False,True
1002354,Stefan,Giro,0,0,0,0,0,416000,53,False,False,False,True
998647,Mason,Cox,14,721,51.5,73,27,327000,2088,False,False,False,True
1000860,Lachlan,Schultz,7,332,47.4,83,36,281000,3477,False,False,False,True
291947,Brendon,Ah Chee,1,69,69,69,69,410000,143,False,False,False,True
993998,Jy,Simpkin,21,1402,66.8,119,33,451000,768,False,True,False,True
1004919,Jackson,Ross,0,0,0,0,0,170000,1138,False,False,False,True
250338,Nick,Smith,0,0,0,0,0,430000,74,True,False,False,False
1002239,Adam,Cerra,20,1215,60.8,102,31,443000,1420,True,False,False,True
1006148,Ian,Hill,7,352,50.3,69,37,304000,5395,False,True,False,True
992076,Tom,Wilkinson,0,0,0,0,0,170000,2074,False,False,False,True
992786,Jake,Aarts,0,0,0,0,0,170000,2052,False,False,False,True
993832,Jacob,Weitering,20,1123,56.2,92,22,397000,5774,True,False,False,False
1004938,Gryan,Miers,22,1467,66.7,97,30,436000,11883,False,False,False,True
992276,Kym,Lebois,0,0,0,0,0,170000,752,False,False,False,True
998257,Brad,Scheer,3,129,43,56,28,343000,330,False,True,False,True
1002282,Charlie,Spargo,8,390,48.8,59,23,354000,338,False,False,False,True
1002372,Hugh,Dixon,1,35,35,35,35,176000,1764,False,False,False,True
295015,Robert,Young,3,111,37,55,18,203000,21301,False,False,False,True
1002138,Toby,Pink,0,0,0,0,0,170000,214,False,False,False,True
280934,Daniel,Talia,22,1245,56.6,85,28,411000,1796,True,False,False,False
1002244,Toby,Wooller,0,0,0,0,0,170000,357,False,False,False,True
1009708,Jack,Buckley,0,0,0,0,0,170000,1174,False,True,False,True
291949,Shane,Kersten,0,0,0,0,0,433000,32,True,False,False,False
1000972,Willem,Drew,10,676,67.6,93,47,416000,30235,False,True,False,True
1002392,Jake,Patmore,0,0,0,0,0,170000,399,False,True,False,True
994599,Riley,Bonner,19,1273,67,113,42,479000,505,True,False,False,False
1002291,James,Bell,2,74,37,49,25,183000,26896,False,True,False,True
295446,Sam,Collins,9,435,48.3,76,21,329000,7600,True,False,False,False
1003130,Patrick,Lipinski,13,1111,85.5,129,41,566000,5983,False,True,False,True
1005717,Nick,Coffield,8,476,59.5,84,32,429000,110,True,False,False,False
280988,Travis,Colyer,10,604,60.4,82,45,408000,444,False,True,False,True
295222,Joel,Hamling,22,1023,46.5,80,16,366000,985,True,False,False,False
296070,Ben,Cavarra,0,0,0,0,0,182000,5976,False,False,False,True
991933,Jason,Castagna,21,1446,68.9,118,34,512000,1183,False,False,False,True
992374,Dan,Butler,7,339,48.4,79,28,348000,3970,False,False,False,True
1011864,Noah,Gown,0,0,0,0,0,170000,170,False,False,False,True
290251,Zac,Clarke,9,521,57.9,86,37,400000,13332,False,False,True,True
1010816,Luke,Lavender,0,0,0,0,0,170000,280,False,False,False,True
294675,Josh,Wagner,12,665,55.4,87,36,391000,543,True,False,False,False
298470,Shane,McAdam,0,0,0,0,0,170000,8292,False,False,False,True
1005547,Joshua,Corbett,9,396,44,71,15,268000,8247,False,False,False,True
1008091,Joel,Amartey,0,0,0,0,0,170000,580,False,False,False,True
260288,James,Frawley,18,896,49.8,84,23,348000,814,True,False,False,False
294068,Andrew,Phillips,5,402,80.4,91,67,485000,6308,False,False,True,False
1000267,Matthew,Parker,17,903,53.1,83,30,361000,17020,False,False,False,True
1006144,Ben,King,14,548,39.1,65,11,291000,2839,False,False,False,True
1008190,Brayden,Ham,4,199,49.8,64,36,259000,5550,False,False,False,True
1011791,Zac,Foot,0,0,0,0,0,170000,267,False,False,False,True
994385,Jayden,Hunt,21,1154,55,83,24,338000,1173,True,False,False,True
1006143,Max,King,0,0,0,0,0,264000,830,False,False,False,True
298437,Callum,Ah Chee,1,62,62,62,62,425000,208,True,False,False,True
996064,Jesse,Joyce,16,939,58.7,88,31,419000,98,True,False,False,False
998205,Harry,Perryman,15,1135,75.7,104,25,502000,2166,True,False,False,False
1011924,Finbar,O'Dwyer,0,0,0,0,0,170000,171,False,False,False,True
294592,Kamdyn,McIntosh,16,1010,63.1,95,43,391000,8074,False,True,False,False
992499,Kayne,Turner,21,1171,55.8,96,23,351000,585,False,False,False,True
1002351,Connor,Ballenden,0,0,0,0,0,170000,2071,False,False,False,True
261497,Harry,Taylor,21,1206,57.4,93,24,337000,1508,True,False,False,False
297354,Karl,Amon,17,1298,76.4,106,10,550000,619,False,True,False,False
993107,Harry,Himmelberg,21,1271,60.5,102,20,416000,917,False,False,False,True
1002259,Lochie,O'Brien,17,902,53.1,81,28,367000,5004,False,True,False,False
290797,Alex,Keath,18,1208,67.1,103,21,424000,1675,True,False,False,False
298417,Ben,Davis,1,27,27,27,27,171000,8620,False,False,False,True
1003546,Joel,Smith,0,0,0,0,0,365000,89,True,False,False,False
992111,Matthew,Allen,0,0,0,0,0,170000,13283,False,True,False,True
997254,Nathan,Kreuger,0,0,0,0,0,170000,411,False,False,False,True
1000057,Jordan,Houlahan,0,0,0,0,0,170000,379,False,False,False,True
1001195,Izak,Rankine,0,0,0,0,0,266000,3757,False,False,False,True
1002245,Noah,Balta,13,619,47.6,82,24,346000,29008,False,False,True,True
281139,Easton,Wood,22,1027,46.7,95,22,343000,1599,True,False,False,False
1004949,Matthew,Ling,0,0,0,0,0,170000,1502,False,True,False,True
993841,Josh,Schache,13,715,55,87,9,395000,212,False,False,False,True
294504,Tom,Clurey,21,1219,58,93,37,416000,463,True,False,False,False
990424,Jarrod,Garlett,2,96,48,51,45,383000,3080,False,False,False,True
1013611,Sam,Sturt,0,0,0,0,0,238000,126,False,False,False,True
999382,Jake,Tarca,0,0,0,0,0,170000,207,False,False,False,True
260246,Tyson,Goldsack,0,0,0,0,0,272000,1804,True,False,False,False
298265,Daniel,McKenzie,15,666,44.4,83,18,276000,162,True,False,False,False
1013532,Thomas,Fullarton,0,0,0,0,0,170000,2931,False,False,True,False
291753,Sam,Day,10,637,63.7,97,22,413000,1177,False,False,False,True
296225,Willie,Rioli,13,830,63.8,109,30,469000,2781,False,False,False,True
297504,Daniel,McStay,22,1136,51.6,88,19,328000,564,False,False,False,True
1004095,Jack,Lukosius,21,1099,52.3,99,24,420000,6101,False,False,False,True
1006028,Nick,Blakey,21,1036,49.3,82,22,390000,6058,False,False,False,True
1000061,Callum,Coleman-Jones,1,66,66,66,66,193000,13218,False,False,True,True
294556,Nathan,Hrovat,5,260,52,66,44,355000,82,False,False,False,True
295256,Marley,Williams,17,942,55.4,69,27,373000,568,True,False,False,False
991939,Zaine,Cordy,22,890,40.5,57,24,262000,641,True,False,False,False
998511,Josh,Schoenfeld,1,31,31,31,31,347000,311,False,True,False,False
295156,Kaiden,Brand,5,219,43.8,53,32,317000,78,True,False,False,False
993902,Matthew,Flynn,0,0,0,0,0,170000,32972,False,False,True,False
1002256,Paddy,Dow,19,1017,53.5,85,23,298000,15012,False,True,False,True
281124,Levi,Casboult,20,1306,65.3,100,6,476000,3327,True,False,False,True
291929,Fraser,McInnes,0,0,0,0,0,364000,300,False,False,True,False
292025,Matt,Dea,0,0,0,0,0,398000,88,True,False,False,False
992752,Archie,Smith,2,92,46,57,35,242000,15499,False,False,True,False
993820,Thomas,Cole,14,790,56.4,93,16,387000,652,True,False,False,False
260069,Hayden,Ballantyne,3,145,48.3,62,27,355000,267,False,False,False,True
993798,James,Parsons,4,262,65.5,74,55,411000,389,False,False,False,True
998106,Jordan,Gallucci,10,525,52.5,74,20,387000,192,False,False,False,True
1000960,Max,Lynch,0,0,0,0,0,170000,4293,False,False,True,False
1004965,Tristan,Xerri,0,0,0,0,0,170000,2967,False,False,True,True
1005577,Sam,Draper,0,0,0,0,0,170000,5116,False,False,True,False
293035,Tim,Broomhead,0,0,0,0,0,348000,448,False,True,False,True
1000937,Jack,Henry,20,877,43.9,76,17,303000,892,True,False,False,False
993953,Eric,Hipwood,21,1199,57.1,106,23,410000,1547,False,False,False,True
1000980,Lloyd,Meek,0,0,0,0,0,170000,3031,False,False,True,False
1008752,Kieran,Strachan,0,0,0,0,0,170000,1184,False,False,True,True
1008940,Ben,Jarvis,0,0,0,0,0,176000,9333,False,False,True,True
993806,Sam,Weideman,11,565,51.4,65,28,331000,1386,False,False,False,True
298211,Darcy,Fort,3,164,54.7,77,41,253000,58425,False,False,True,False
996580,Ethan,Hughes,21,1220,58.1,90,37,433000,490,True,False,False,False
1002404,Aaron,Naughton,22,1408,64,125,25,477000,4452,True,False,False,True
991773,Billy,Frampton,2,77,38.5,63,14,286000,1475,False,False,True,False
996554,Jake,Waterman,11,675,61.4,104,31,420000,331,False,False,False,True
1011437,Harry,Edwards,0,0,0,0,0,170000,659,False,False,True,False
1008280,Ed,Richards,19,968,50.9,85,31,356000,895,True,False,False,False
1001026,Jordan,Ridley,6,408,68,86,57,431000,1408,True,False,False,False
1013976,Sam,Alabakis,0,0,0,0,0,170000,823,False,False,True,False
293581,Lincoln,McCarthy,22,1318,59.9,109,27,414000,4455,False,False,False,True
296291,Jake,Kolodjashnij,20,965,48.3,80,14,295000,1462,True,False,False,False
992330,Jordon,Sweet,0,0,0,0,0,170000,25407,False,False,True,False
281301,Ryan,Schoenmakers,0,0,0,0,0,361000,156,False,False,False,True
298358,Oleg,Markov,2,110,55,73,37,233000,7179,True,False,False,False
1004034,Brandon,Zerk-Thatcher,1,56,56,56,56,187000,3479,True,False,False,False
1002331,Jacob,Dawson,6,436,72.7,100,48,444000,1720,False,True,False,False
294624,Lachie,Plowman,21,1301,62,86,36,407000,3918,True,False,False,False
298287,Ed,Vickers-Willis,1,-1,-1,-1,-1,312000,188,True,False,False,False
997142,Peter,Ladhams,5,328,65.6,100,35,355000,7526,False,False,True,False
1004286,Zac,Langdon,3,132,44,48,39,344000,195,False,False,False,True
1005521,Oscar,McInerney,19,1068,56.2,90,23,408000,1695,False,False,True,True
291891,Jacob,Townsend,1,17,17,17,17,328000,155,False,False,False,True
998167,Tom,Williamson,2,89,44.5,56,33,263000,318,True,False,False,False
1001028,Jack,Silvagni,17,1125,66.2,109,23,461000,3445,True,False,False,True
1006276,Derek,Eggmolesse-Smith,2,116,58,68,48,224000,4783,True,False,False,False
1008159,William,Hamill,0,0,0,0,0,212000,182,True,False,False,False
997823,Josh,Rotham,4,221,55.3,72,43,277000,3396,True,False,False,False
296422,Callum,Wilkie,22,1317,59.9,76,31,429000,15863,True,False,False,False
1000068,Christopher,Burgess,14,499,35.6,60,16,259000,50244,True,False,False,True
1005247,Sam,Taylor,18,772,42.9,71,11,301000,1495,True,False,False,False
294077,Michael,Hartley,3,172,57.3,65,43,350000,256,True,False,False,False
298290,Marc,Pittonet,2,108,54,55,53,306000,1356,False,False,True,False
1008202,Blake,Schlensog,0,0,0,0,0,170000,1626,False,False,True,True
298336,Nakia,Cockatoo,0,0,0,0,0,282000,862,False,False,False,True
992015,Connor,Menadue,6,337,56.2,95,35,379000,3635,True,False,False,False
1002248,Sam,Hayes,0,0,0,0,0,170000,1923,False,False,True,False
1006030,Jacob,Koschitzke,0,0,0,0,0,170000,1676,True,False,False,True
1013624,Harry,Reynolds,0,0,0,0,0,170000,531,True,False,False,False
1006114,Bailey,Williams,0,0,0,0,0,202000,1878,False,False,True,True
1006159,Damon,Greaves,0,0,0,0,0,170000,1126,True,True,False,False
1013977,Stefan,Okunbor,0,0,0,0,0,170000,573,True,False,False,True
280471,Ben,Stratton,19,708,37.3,57,13,220000,2652,True,False,False,False
290527,Trent,McKenzie,1,70,70,70,70,365000,81,True,False,False,False
996716,Bailey,Rice,0,0,0,0,0,381000,77,True,False,False,False
1002266,Oscar,Clavarino,0,0,0,0,0,170000,541,True,False,False,False
1006096,Xavier,Duursma,20,1565,78.3,103,50,550000,31785,True,True,False,False
296041,Tim,O'Brien,16,946,59.1,80,43,406000,559,True,False,False,True
995192,Cam,McCarthy,12,676,56.3,109,26,356000,1627,False,False,False,True
1004385,Oscar,Allen,21,1200,57.1,82,33,414000,4093,True,False,False,True
1005053,Noah,Answerth,17,953,56.1,87,21,412000,16061,True,True,False,False
1008171,Tyler,Brown,0,0,0,0,0,170000,3237,True,False,False,False
1008436,Kieren,Briggs,0,0,0,0,0,204000,1774,False,False,True,False
280819,Dylan,Grimes,21,1170,55.7,107,25,374000,7767,True,False,False,False
291828,Billy,Longer,1,74,74,74,74,483000,198,False,False,True,False
296317,Scott,Jones,1,78,78,78,78,337000,1008,False,False,True,True
998321,Joel,Garner,4,190,47.5,60,39,249000,6960,True,False,False,False
1004829,Riley,Grundy,0,0,0,0,0,170000,517,True,False,False,False
1008285,Will,Kelly,0,0,0,0,0,214000,192,True,False,False,False
281280,Neville,Jetta,7,297,42.4,53,33,306000,1418,True,False,False,False
997206,Andrew,McPherson,0,0,0,0,0,170000,1480,True,False,False,False
998782,Buku,Khamis,0,0,0,0,0,170000,1003,True,False,False,False
1002347,Jack,Payne,0,0,0,0,0,170000,739,True,False,False,False
992597,Paul,Hunter,0,0,0,0,0,170000,9790,False,False,True,False
1006138,Joel,Crocker,0,0,0,0,0,170000,1171,True,False,False,True
1013948,Patrick,Bines,0,0,0,0,0,170000,3618,False,False,True,True
1013975,Anton,Tohill,0,0,0,0,0,170000,378,True,False,False,True
1004767,Angus,Schumacher,1,43,43,43,43,180000,1873,True,False,False,False
1004909,Lachlan,Young,6,283,47.2,76,22,278000,2514,True,False,False,False
1005000,Laitham,Vandermeer,0,0,0,0,0,198000,1007,True,True,False,False
1014038,Callum,M. Brown,0,0,0,0,0,170000,222,True,False,False,False
281078,Liam,Jones,13,584,44.9,83,15,298000,3827,True,False,False,False
298474,Francis,Watson,2,128,64,72,56,231000,18615,True,False,False,False
1001299,Connor,Rozee,22,1597,72.6,121,41,501000,27362,True,False,False,True
993796,Ben,Crocker,3,134,44.7,57,33,330000,546,False,False,False,True
998266,Declan,Watson,0,0,0,0,0,170000,713,True,False,False,False
998569,Callum,Moore,0,0,0,0,0,312000,68,False,False,False,True
998662,Jack,Maibaum,0,0,0,0,0,170000,139,True,False,False,False
1002312,Zac,Bailey,13,626,48.2,77,-1,343000,1675,False,True,False,True
1014081,Austin,Bradtke,0,0,0,0,0,170000,1260,False,False,True,False
290228,Kyle,Hartigan,19,804,42.3,71,14,280000,775,True,False,False,False
996743,Lewis,Melican,17,722,42.5,72,10,300000,1925,True,False,False,False
998134,Josh,Battle,19,1300,68.4,106,4,451000,1077,True,False,False,True
1006087,Caleb,Graham,3,137,45.7,66,35,224000,19756,True,False,True,False
1006303,Fergus,Greene,0,0,0,0,0,316000,125,False,False,False,True
1008089,Isaac,Quaynor,4,243,60.8,78,48,335000,4367,True,False,False,False
1004991,Harrison,Jones,0,0,0,0,0,170000,2994,True,False,False,False
998390,Changkuoth,Jiath,2,107,53.5,68,39,206000,8935,True,False,False,False
999320,Martin,Frederick,0,0,0,0,0,170000,1143,True,True,False,False
298312,Paddy,McCartin,0,0,0,0,0,361000,104,False,False,False,True
1005084,Will,Walker,0,0,0,0,0,296000,257,False,False,False,True
250290,Travis,Varcoe,16,859,53.7,89,30,389000,2327,False,False,False,True
1011949,Ben,Silvagni,0,0,0,0,0,170000,2798,True,False,False,True
250548,Lynden,Dunn,0,0,0,0,0,369000,169,True,False,False,False
1013974,Mark,Keane,0,0,0,0,0,170000,503,True,False,False,True
1014082,Guy,Walker,0,0,0,0,0,170000,226,True,False,False,True
992465,Declan,Keilty,2,76,38,46,30,185000,6659,True,False,False,False
1004863,Mitchell,Hinge,2,109,54.5,68,41,209000,3633,True,False,False,False
1013409,James,Jordon,0,0,0,0,0,206000,866,True,True,False,False
1002403,Ben,Miller,0,0,0,0,0,170000,321,True,False,False,False
1004437,Tobe,Watson,0,0,0,0,0,170000,1002,True,True,False,False
1008261,Tom,McKenzie,0,0,0,0,0,170000,532,True,True,False,False
993836,Sam,Skinner,0,0,0,0,0,244000,128,True,False,False,False
1006152,Jordan,Clark,18,1135,63.1,96,27,468000,13946,True,True,False,False
993917,Ben,Long,16,845,52.8,81,14,365000,287,False,False,False,True
1006151,Jason,Carter,2,77,38.5,47,30,193000,21331,True,True,False,False
1008083,Connor,Idun,1,33,33,33,33,174000,3741,True,False,False,True
1011936,Justin,McInerney,1,13,13,13,13,175000,5253,True,False,False,False
993821,Brandon,White,1,56,56,56,56,339000,56,True,False,False,False
999824,Quinton,Narkle,3,254,84.7,111,50,407000,2371,False,False,False,True
1000044,Jez,McLennan,0,0,0,0,0,226000,389,True,False,False,False
1000959,James,Cousins,12,880,73.3,108,44,479000,4705,False,True,False,False
294013,Sean,Lemmens,8,423,52.9,71,32,349000,144,False,False,False,True
1000998,Lachlan,Murphy,21,1157,55.1,86,4,372000,919,False,False,False,True
1004995,Jordon,Butts,0,0,0,0,0,170000,687,True,False,False,True
297729,Harrison,Wigg,0,0,0,0,0,170000,4107,True,False,False,False
295964,Patrick,Wilson,1,59,59,59,59,288000,1064,False,True,False,False
1006241,Connor,Nutting,0,0,0,0,0,170000,2438,True,False,False,True
996692,Marty,Hore,14,866,61.9,99,18,343000,22957,True,False,False,False
1002592,Durak,Tucker,0,0,0,0,0,170000,177,True,False,False,False
1007102,Mark,O'Connor,20,1183,59.2,91,35,401000,1155,True,False,False,False
1007238,Jake,Stein,5,232,46.4,59,31,259000,7535,True,False,False,False
1002231,Patrick,Naish,2,147,73.5,79,68,245000,17149,True,False,False,False
1002253,Kane,Farrell,7,316,45.1,80,27,304000,311,False,False,False,True
1006136,Lachlan,Sholl,0,0,0,0,0,170000,559,True,False,False,False
298352,Ryan,Nyhuis,5,228,45.6,73,18,337000,125,True,False,False,False
998268,Jacob,Allison,2,87,43.5,47,40,379000,49,True,False,False,False
1002220,Esava,Ratugolea,17,851,50.1,83,20,370000,1746,False,False,False,True
998215,Will,Setterfield,18,1208,67.1,89,35,454000,39205,False,True,False,True
993480,Dougal,Howard,15,814,54.3,88,31,347000,417,True,False,False,True
1003547,Conor,Glass,7,356,50.9,65,39,345000,204,True,False,False,False
998218,Ryan,Garthwaite,7,291,41.6,65,8,266000,511,True,False,False,False
291594,Harley,Bennell,0,0,0,0,0,236000,1072,False,True,False,False
293738,Sam,Frost,22,1154,52.5,90,6,375000,1030,True,False,False,False
993795,David,Cuningham,9,597,66.3,89,30,436000,4527,True,False,False,False
993827,Kurt,Mutimer,0,0,0,0,0,251000,98,True,False,False,False
1010841,Jack,Madgen,4,176,44,61,25,289000,413,True,False,False,False
1004985,Ben,Paton,13,773,59.5,89,31,386000,514,True,False,False,False
298307,Lukas,Webb,0,0,0,0,0,339000,33,False,False,False,True
997316,Lewis,Young,4,209,52.3,68,37,316000,362,True,False,False,False
1005013,Flynn,Appleby,1,25,25,25,25,324000,707,True,False,False,False
1000908,Myles,Poholke,2,102,51,63,39,343000,253,False,False,False,True
291357,Gary,Rohan,18,886,49.2,96,19,281000,3964,False,False,False,True
294339,Ben,McNiece,5,180,36,60,15,276000,122,True,False,False,False
998109,Dylan,Clarke,11,728,66.2,109,37,409000,6114,False,True,False,False
298288,Darcy,Moore,15,826,55.1,90,8,361000,5550,True,False,False,True
998126,Joe,Atley,1,54,54,54,54,238000,1030,False,True,False,False
295203,Nathan,Broad,21,1052,50.1,83,25,359000,4693,True,False,False,False
295712,Tory,Dickson,17,979,57.6,103,26,379000,414,False,False,False,True
998414,Daniel,Venables,6,268,44.7,73,9,323000,372,False,False,False,True
291797,Matt,Buntine,9,476,52.9,80,26,352000,620,True,False,False,False
1004998,Todd,Marshall,10,519,51.9,77,28,365000,568,False,False,False,True
1002350,Brayden,Crossley,0,0,0,0,0,340000,33,False,False,False,True
294508,Aidan,Corr,4,159,39.8,54,30,291000,98,True,False,False,False
991953,Corey,Ellis,4,248,62,73,37,354000,3636,True,True,False,False
293883,Jed,Bews,9,454,50.4,93,27,311000,1170,True,False,False,False
1008198,Tom,McCartin,19,922,48.5,75,28,320000,817,False,False,False,True
992472,Oscar,McDonald,12,462,38.5,61,21,285000,1221,True,False,False,False
291848,Robbie,Fox,11,576,52.4,82,21,347000,777,True,False,False,True
295599,Patrick,Ambrose,19,836,44,64,27,322000,796,True,False,False,False
998116,Pat,Kerr,0,0,0,0,0,271000,254,False,False,False,True
1002353,Mitchell,Crowden,5,281,56.2,90,24,359000,315,False,False,False,True
290821,Alex,Fasolo,3,100,33.3,50,22,325000,2959,False,False,False,True
1004870,Zach,Guthrie,1,56,56,56,56,308000,601,True,False,False,False
250712,Dale,Morris,1,22,22,22,22,297000,120,True,False,False,False
261189,Tim,Mohr,0,0,0,0,0,234000,454,True,False,False,False
261374,Sam,J. Reid,22,1425,64.8,106,34,472000,2702,True,False,False,True
997230,Tyson,Stengle,2,116,58,68,48,255000,1751,False,False,False,True
1008893,Harrison,Petty,10,493,49.3,78,21,352000,882,True,False,False,False
994410,Brad,Lynch,0,0,0,0,0,312000,266,True,False,False,True
998484,Cameron,Zurhaar,19,1216,64,108,23,414000,1556,False,False,False,True
1008882,Charlie,Ballard,21,1144,54.5,111,19,395000,2222,True,False,False,False
240712,Michael,Rischitelli,7,323,46.1,62,32,316000,444,True,False,False,False
999331,Darcy,Fogarty,4,237,59.3,82,46,359000,1513,False,False,False,True
290314,Lachlan,Keeffe,9,394,43.8,60,28,279000,869,True,False,False,False
1002251,Brent,Daniels,22,1333,60.6,95,32,450000,1783,False,False,False,True
291964,Jack,Hombsch,18,702,39,56,19,249000,1064,True,False,False,False
1000905,Tom,Murphy,0,0,0,0,0,248000,325,True,False,False,False
297107,James,Rose,5,279,55.8,76,29,335000,2109,False,False,False,True
298409,Alex,Pearce,11,478,43.5,73,20,307000,1237,True,False,False,False
998791,Jamaine,Jones,0,0,0,0,0,283000,224,False,False,False,True
298298,Jackson,Nelson,11,531,48.3,78,21,333000,479,True,False,False,False
994047,Cedric,Cox,1,44,44,44,44,290000,320,True,False,False,False
997933,Griffin,Logue,10,505,50.5,100,28,287000,9048,True,False,False,False
1005721,Josh,Begley,8,414,51.8,76,36,355000,171,False,False,False,True
1005107,Nathan,Murphy,0,0,0,0,0,232000,293,True,False,False,False
1007881,Wil,Powell,13,714,54.9,103,4,340000,2673,False,True,False,True
1001396,Isaac,Cumming,5,249,49.8,75,32,287000,2786,True,False,False,False
990423,Jarrod,Pickett,0,0,0,0,0,268000,311,False,False,False,True
998114,Jack,Scrimshaw,10,590,59,79,42,372000,10777,True,False,False,False
1002267,Luke,Davies-Uniacke,14,745,53.2,90,31,332000,4059,False,True,False,False
992054,Roarke,Smith,5,261,52.2,91,16,333000,313,True,False,False,False
296322,Jack,Leslie,0,0,0,0,0,353000,41,True,False,False,False
1000223,Liam,Baker,16,1099,68.7,112,29,393000,4123,False,False,False,True
298430,Aidyn,Johnson,1,52,52,52,52,293000,209,False,False,False,True
1004912,Tom,De Koning,0,0,0,0,0,201000,3655,False,False,True,True
997770,Wylie,Buzza,0,0,0,0,0,281000,234,False,False,False,True
291814,Fletcher,Roberts,2,70,35,36,34,221000,851,True,False,False,False
291777,Dylan,Buckley,0,0,0,0,0,188000,2627,False,False,False,True
1002143,Ben,McKay,3,98,32.7,47,19,215000,3348,True,False,False,False
1008080,Ryley,Stoddart,2,34,17,20,14,173000,3225,False,False,False,True
1002328,Jacob,Heron,5,227,45.4,58,34,291000,897,True,False,False,True
1002401,Brandon,Starcevich,1,31,31,31,31,203000,5297,False,True,False,True
998100,Cameron,Polson,3,76,25.3,49,11,224000,3553,False,False,False,True
1004940,Sam,Simpson,0,0,0,0,0,214000,1660,False,True,False,False
281075,Rory,Thompson,0,0,0,0,0,228000,196,True,False,False,False
993940,Corey,Wagner,11,591,53.7,82,28,361000,8675,False,True,False,True
261214,Will,Schofield,12,436,36.3,62,6,249000,2369,True,False,False,False
998226,Harrison,Macreadie,1,8,8,8,8,170000,3195,True,False,False,False
993993,Shai,Bolton,16,1019,63.7,116,26,430000,2342,False,False,False,True
1002300,Jarrod,Brander,2,77,38.5,48,29,195000,8189,False,False,False,True
297767,Sam,Durdin,10,369,36.9,66,12,238000,812,True,False,False,False
290326,Matt,Eagles,0,0,0,0,0,170000,25739,True,False,False,False
298316,Hugh,Goddard,2,47,23.5,31,16,170000,26378,True,False,False,False
990291,Darcy,Cameron,0,0,0,0,0,170000,40788,False,False,True,False
1000887,Mitch,Lewis,12,756,63,92,41,448000,7229,False,False,False,True
260310,Nathan,Brown,16,541,33.8,55,12,233000,3259,True,False,False,False
1003520,Darragh,Joyce,3,132,44,53,34,217000,10738,True,False,False,False
1006550,Jack,Petruccelle,19,971,51.1,115,25,319000,22598,False,False,False,True
1002296,Nick,Shipley,0,0,0,0,0,170000,9809,False,True,False,False
1001017,Nick,Larkey,17,915,53.8,89,29,367000,5087,False,False,False,True
994077,Mabior,Chol,9,489,54.3,106,36,318000,8660,False,False,True,True
260278,Sam,Rowe,1,39,39,39,39,285000,254,True,False,False,False
290733,Cam,Sutcliffe,5,251,50.2,75,39,342000,83,False,True,False,False
291856,Tom,Mitchell,0,0,0,0,0,938000,950,False,True,False,False
295518,Sam,Docherty,0,0,0,0,0,593000,106,True,False,False,False
296200,Michael,Gibbons,21,1310,62.4,106,24,466000,32898,False,True,False,True
298390,Jay,Lockhart,12,677,56.4,100,20,367000,12675,True,True,False,False
298446,Josh,Deluca,6,317,52.8,66,35,326000,676,False,True,False,False
990548,Jonathon,Marsh,5,195,39,53,20,277000,330,True,False,False,False
990606,Will,Snelling,3,215,71.7,93,58,301000,4994,False,True,False,False
993771,Marlion,Pickett,0,0,0,0,0,170000,1874,False,True,False,False
997501,Ryan,Gardner,2,58,29,40,18,180000,23475,True,False,False,True
1000072,John,Noble,3,205,68.3,77,54,274000,10692,False,True,False,False
1001024,Ned,Reeves,0,0,0,0,0,170000,2192,False,False,True,False
1001351,Lachlan,Hosie,0,0,0,0,0,170000,1913,False,False,False,True
1002583,Sydney,Stack,17,1229,72.3,96,32,490000,12443,True,True,False,False
1003203,Hayden,McLean,4,259,64.8,88,31,322000,8141,False,False,False,True
1004360,Jack,Mayo,0,0,0,0,0,170000,313,False,False,False,True
1005831,Dillon,O'Reilly,0,0,0,0,0,170000,651,True,False,False,True
1006106,Kyle,Dunkley,5,245,49,72,22,283000,9242,False,True,False,False
1006108,Mitchell,Riordan,0,0,0,0,0,170000,251,False,True,False,False
1006110,Sam,Fletcher,0,0,0,0,0,170000,578,False,True,False,False
1008154,Matthew,Cottrell,0,0,0,0,0,170000,2618,False,True,False,True
1008163,Cody,Hirst,0,0,0,0,0,170000,354,False,True,False,False
1012101,Michael,Knoll,0,0,0,0,0,170000,2025,False,False,True,False
